15923,UNT
60133,UNT
83681,TIN
65507,UNT
12588,UNT
34263,UNT
49139,UNT
58995,TIN
88490,UNT
46444,UNT
60587,UNT
70569,UNT
44546,UNT
51628,UNT
30899,UNT
40110,UNT
15998,UNT
96457,UNT
70841,UNT
46139,UNT
80947,UNT
40386,UNT
98916,UNT
32190,UNT
27550,UNT
24040,UNT
73516,UNT
88905,UNT
42112,UNT
37740,UNT
72405,UNT
47445,UNT
27158,UNT
17183,UNT
42325,TIN
15180,UNT
58026,TIN
81352,UNT
33133,UNT
91036,UNT
22882,UNT
40842,UNT
73612,UNT
15815,UNT
24049,TIN
79204,UNT
46229,UNT
42196,UNT
34669,UNT
34575,UNT
20357,UNT
52445,UNT
10991,UNT
57135,UNT
72369,UNT
42192,UNT
43587,TIN
10684,UNT
41553,TIN
62986,UNT
70051,UNT
73642,UNT
10727,UNT
11645,UNT
72274,UNT
21524,UNT
84579,TIN
59519,UNT
51386,UNT
10918,UNT
57541,TIN
25125,UNT
61295,UNT
53351,UNT
25463,UNT
85613,UNT
85886,UNT
54621,UNT
80397,UNT
68875,UNT
67926,UNT
41588,UNT
51948,UNT
28196,UNT
50376,TIN
45304,TIN
27228,UNT
57326,UNT
88221,TIN
17714,TIN
97610,UNT
63048,UNT
30075,UNT
60466,UNT
25685,UNT
16333,UNT
78417,UNT
51525,UNT
84550,TIN
23530,TIN
57284,UNT
59700,UNT
13433,UNT
80197,UNT
79309,UNT
47696,UNT
71294,UNT
55633,UNT
87934,UNT
57732,UNT
27455,UNT
83466,TIN
48657,UNT
89635,TIN
89603,UNT
86611,UNT
12193,UNT
63985,UNT
20522,UNT
94260,UNT
70324,TIN
89329,TIN
11100,UNT
83240,UNT
81890,UNT
72037,UNT
78301,TIN
94607,UNT
72531,UNT
98575,UNT
58342,UNT
39429,UNT
18786,UNT
35785,UNT
67049,UNT
82273,TIN
98216,UNT
37649,UNT
14582,UNT
59751,UNT
92215,UNT
22311,UNT
75125,UNT
21354,UNT
22594,UNT
19410,TIN
33394,UNT
56513,UNT
59691,UNT
41997,UNT
56637,UNT
19815,UNT
97410,UNT
77746,UNT
17704,UNT
61674,UNT
39860,TIN
21826,UNT
79934,UNT
55048,UNT
76833,UNT
55832,UNT
32056,TIN
67841,UNT
94427,UNT
96594,UNT
62689,UNT
35968,UNT
14516,UNT
15866,UNT
57185,UNT
91430,UNT
29203,UNT
27913,UNT
53325,UNT
46410,UNT
26072,TIN
16856,UNT
89200,UNT
45269,UNT
15437,TIN
91472,UNT
98531,UNT
43753,UNT
98685,UNT
31665,UNT
38732,UNT
46983,TIN
22067,UNT
79756,TIN
99563,UNT
23542,UNT
83416,UNT
67418,UNT
58632,UNT
35612,UNT
96905,UNT
79778,UNT
90328,UNT
71350,UNT
43782,UNT
58287,UNT
32061,TIN
63129,UNT
74797,UNT
25177,UNT
87428,UNT
39400,UNT
62788,UNT
88745,UNT
70443,UNT
90327,UNT
65545,UNT
58543,UNT
79222,UNT
72401,UNT
31354,UNT
29008,UNT
41590,TIN
72523,UNT
14640,UNT
74909,UNT
96397,UNT
34030,UNT
69073,UNT
29113,UNT
11286,UNT
41821,UNT
76379,UNT
52080,TIN
51762,UNT
71592,UNT
78688,UNT
76135,UNT
30778,UNT
22569,UNT
48938,UNT
41438,UNT
73439,TIN
67018,UNT
